age,admission_type,diagnosis_category,prior_visits,comorbidity_count,los_days,long_stay
69,Urgent,Neurology,4,0,10.0,1
32,Emergency,Cardiology,2,1,16.0,1
89,Urgent,Orthopedics,2,1,10.0,1
78,Emergency,Oncology,2,2,12.0,1
38,Emergency,Orthopedics,2,2,8.0,0
41,Elective,Orthopedics,0,0,1.0,0
20,Elective,Oncology,1,2,9.0,1
39,Emergency,Neurology,2,0,7.0,0
70,Elective,Orthopedics,1,0,12.0,1
19,Elective,Orthopedics,1,1,7.0,0
47,Emergency,Neurology,1,1,10.0,1
55,Urgent,Oncology,1,0,6.0,0
19,Urgent,Cardiology,1,3,8.0,0
81,Elective,Neurology,0,0,5.0,0
77,Emergency,Cardiology,2,1,8.0,0
38,Elective,Cardiology,2,1,6.0,0
50,Emergency,Neurology,2,1,10.0,1
75,Emergency,Orthopedics,0,1,8.0,0
39,Emergency,Cardiology,3,1,7.0,0
66,Emergency,Cardiology,1,1,8.0,0
76,Urgent,Oncology,0,2,10.0,1
59,Elective,Orthopedics,1,1,8.0,0
77,Elective,Cardiology,1,2,9.0,1
32,Emergency,Oncology,4,1,12.0,1
79,Emergency,Orthopedics,1,1,8.0,0
79,Emergency,Neurology,0,1,8.0,0
64,Urgent,Neurology,2,1,9.0,1
79,Emergency,Oncology,1,1,8.0,0
68,Urgent,Neurology,1,1,8.0,0
72,Elective,Cardiology,1,0,4.0,0
81,Emergency,Orthopedics,1,0,6.0,0
20,Elective,Cardiology,1,1,6.0,0
68,Emergency,Cardiology,3,1,14.0,1
24,Urgent,Neurology,1,3,6.0,0
38,Urgent,Cardiology,0,0,1.0,0
56,Emergency,Neurology,0,0,3.0,0
35,Emergency,Orthopedics,1,0,11.0,1
21,Elective,Orthopedics,3,3,9.0,1
77,Urgent,Cardiology,0,2,7.0,0
31,Emergency,Oncology,0,0,5.0,0
26,Elective,Neurology,2,1,2.0,0
70,Elective,Neurology,0,2,9.0,1
19,Elective,Cardiology,0,0,7.0,0
77,Emergency,Neurology,1,1,9.0,1
88,Elective,Neurology,0,0,11.0,1
61,Urgent,Oncology,1,3,9.0,1
25,Emergency,Oncology,1,2,12.0,1
64,Emergency,Cardiology,0,2,11.0,1
52,Urgent,Oncology,2,1,8.0,0
53,Emergency,Cardiology,1,1,13.0,1
67,Urgent,Orthopedics,1,3,11.0,1
21,Emergency,Cardiology,3,1,10.0,1
19,Emergency,Orthopedics,0,0,2.0,0
23,Urgent,Cardiology,0,1,1.0,0
71,Emergency,Neurology,3,1,13.0,1
21,Elective,Oncology,1,1,8.0,0
71,Emergency,Orthopedics,3,3,14.0,1
80,Elective,Cardiology,2,0,6.0,0
35,Emergency,Oncology,4,1,7.0,0
61,Emergency,Cardiology,2,1,9.0,1
51,Urgent,Oncology,4,0,8.0,0
79,Emergency,Oncology,1,2,10.0,1
31,Elective,Cardiology,1,0,2.0,0
65,Emergency,Orthopedics,3,0,10.0,1
32,Elective,Orthopedics,2,2,10.0,1
89,Emergency,Neurology,0,0,10.0,1
79,Urgent,Oncology,0,2,9.0,1
57,Emergency,Neurology,1,1,10.0,1
70,Emergency,Neurology,2,2,13.0,1
41,Emergency,Cardiology,1,1,8.0,0
43,Emergency,Cardiology,3,1,9.0,1
77,Elective,Cardiology,3,2,12.0,1
58,Emergency,Oncology,0,1,8.0,0
46,Urgent,Cardiology,0,0,2.0,0
32,Emergency,Cardiology,2,1,12.0,1
62,Emergency,Oncology,4,1,8.0,0
82,Elective,Oncology,1,1,11.0,1
88,Elective,Orthopedics,0,1,9.0,1
26,Emergency,Cardiology,1,1,6.0,0
18,Emergency,Cardiology,1,1,7.0,0
25,Emergency,Cardiology,2,1,8.0,0
80,Elective,Orthopedics,1,0,8.0,0
28,Elective,Cardiology,2,0,7.0,0
25,Emergency,Orthopedics,0,1,8.0,0
52,Urgent,Neurology,2,0,8.0,0
52,Urgent,Orthopedics,4,0,8.0,0
50,Elective,Neurology,3,0,10.0,1
22,Urgent,Cardiology,0,1,7.0,0
58,Emergency,Neurology,2,0,8.0,0
45,Emergency,Orthopedics,2,1,11.0,1
24,Emergency,Oncology,1,2,10.0,1
89,Emergency,Neurology,0,1,10.0,1
29,Elective,Neurology,2,1,6.0,0
51,Urgent,Cardiology,2,0,9.0,1
50,Emergency,Orthopedics,0,4,12.0,1
65,Emergency,Neurology,1,0,9.0,1
40,Emergency,Neurology,3,0,12.0,1
79,Urgent,Neurology,2,1,14.0,1
54,Emergency,Neurology,0,2,9.0,1
61,Elective,Oncology,0,2,7.0,0
52,Emergency,Orthopedics,2,1,10.0,1
82,Emergency,Cardiology,1,1,11.0,1
64,Urgent,Cardiology,1,2,9.0,1
20,Urgent,Oncology,3,2,7.0,0
18,Emergency,Orthopedics,2,2,7.0,0
22,Urgent,Neurology,0,0,7.0,0
31,Elective,Oncology,0,1,6.0,0
44,Urgent,Orthopedics,2,1,6.0,0
26,Emergency,Neurology,0,2,9.0,1
32,Elective,Oncology,3,1,11.0,1
59,Emergency,Orthopedics,1,1,8.0,0
68,Elective,Cardiology,1,2,9.0,1
80,Emergency,Cardiology,3,0,8.0,0
69,Emergency,Orthopedics,1,1,10.0,1
21,Emergency,Cardiology,0,3,10.0,1
40,Elective,Orthopedics,4,0,5.0,0
32,Emergency,Neurology,1,2,9.0,1
60,Elective,Orthopedics,3,1,10.0,1
46,Urgent,Neurology,1,3,10.0,1
53,Emergency,Oncology,3,0,7.0,0
30,Elective,Orthopedics,1,2,7.0,0
49,Emergency,Oncology,0,0,8.0,0
88,Urgent,Cardiology,1,1,9.0,1
76,Emergency,Neurology,2,1,13.0,1
45,Elective,Orthopedics,1,2,6.0,0
83,Urgent,Oncology,0,2,9.0,1
59,Urgent,Neurology,1,1,5.0,0
62,Elective,Neurology,1,0,3.0,0
79,Emergency,Cardiology,2,0,12.0,1
74,Elective,Cardiology,3,0,8.0,0
23,Urgent,Neurology,5,2,9.0,1
45,Elective,Neurology,3,1,6.0,0
45,Emergency,Orthopedics,2,1,11.0,1
61,Urgent,Neurology,3,0,4.0,0
47,Elective,Orthopedics,2,0,8.0,0
79,Elective,Neurology,2,2,11.0,1
79,Emergency,Cardiology,1,0,6.0,0
18,Elective,Orthopedics,1,1,5.0,0
44,Emergency,Oncology,1,3,16.0,1
79,Elective,Cardiology,4,2,14.0,1
20,Emergency,Orthopedics,3,1,7.0,0
87,Elective,Orthopedics,1,1,10.0,1
89,Urgent,Oncology,1,3,8.0,0
44,Emergency,Orthopedics,3,3,10.0,1
26,Urgent,Neurology,1,0,4.0,0
79,Emergency,Oncology,1,1,12.0,1
54,Urgent,Cardiology,1,1,8.0,0
68,Elective,Cardiology,1,0,8.0,0
61,Elective,Neurology,0,1,7.0,0
41,Elective,Cardiology,3,0,3.0,0
76,Urgent,Orthopedics,1,3,10.0,1
49,Emergency,Orthopedics,0,1,10.0,1
69,Emergency,Neurology,2,0,10.0,1
79,Elective,Cardiology,1,0,7.0,0
75,Urgent,Cardiology,2,2,10.0,1
69,Elective,Neurology,1,2,9.0,1
29,Elective,Oncology,2,0,1.0,0
56,Emergency,Cardiology,0,3,13.0,1
19,Urgent,Oncology,2,1,6.0,0
20,Emergency,Cardiology,1,0,8.0,0
73,Elective,Cardiology,2,1,4.0,0
76,Emergency,Cardiology,3,1,15.0,1
19,Emergency,Cardiology,1,2,6.0,0
19,Emergency,Orthopedics,2,1,13.0,1
71,Emergency,Oncology,1,1,14.0,1
18,Elective,Oncology,3,0,3.0,0
36,Emergency,Cardiology,1,1,10.0,1
19,Emergency,Cardiology,1,2,7.0,0
70,Emergency,Oncology,1,1,9.0,1
61,Emergency,Orthopedics,1,3,11.0,1
49,Emergency,Neurology,0,1,9.0,1
87,Emergency,Neurology,1,2,13.0,1
49,Elective,Oncology,1,3,6.0,0
85,Elective,Cardiology,1,1,9.0,1
72,Elective,Cardiology,1,2,8.0,0
73,Emergency,Orthopedics,3,0,7.0,0
34,Emergency,Neurology,0,1,7.0,0
55,Urgent,Orthopedics,1,0,9.0,1
41,Elective,Neurology,2,0,5.0,0
86,Emergency,Oncology,0,1,6.0,0
87,Emergency,Neurology,2,1,13.0,1
28,Emergency,Orthopedics,1,0,5.0,0
33,Emergency,Orthopedics,3,2,11.0,1
76,Emergency,Orthopedics,1,1,10.0,1
87,Elective,Oncology,4,0,13.0,1
20,Elective,Neurology,0,0,3.0,0
37,Elective,Neurology,2,0,3.0,0
76,Elective,Orthopedics,1,4,10.0,1
53,Urgent,Neurology,1,2,5.0,0
36,Elective,Cardiology,6,2,11.0,1
84,Urgent,Cardiology,2,1,13.0,1
36,Emergency,Cardiology,1,3,13.0,1
37,Emergency,Neurology,2,3,16.0,1
88,Emergency,Oncology,5,1,15.0,1
69,Elective,Oncology,1,2,9.0,1
50,Urgent,Oncology,3,0,5.0,0
57,Emergency,Oncology,1,3,12.0,1
56,Urgent,Cardiology,1,0,5.0,0
18,Emergency,Cardiology,0,2,9.0,1
28,Urgent,Orthopedics,3,1,5.0,0
74,Emergency,Neurology,3,0,11.0,1
67,Emergency,Neurology,2,1,8.0,0
40,Emergency,Oncology,1,3,12.0,1
48,Emergency,Cardiology,1,1,10.0,1
59,Emergency,Oncology,2,0,6.0,0
24,Emergency,Orthopedics,0,3,7.0,0
33,Urgent,Neurology,0,0,1.0,0
77,Elective,Neurology,2,0,7.0,0
19,Emergency,Oncology,2,2,7.0,0
18,Elective,Orthopedics,2,1,8.0,0
65,Elective,Neurology,0,1,7.0,0
29,Emergency,Orthopedics,0,1,8.0,0
86,Emergency,Orthopedics,1,1,8.0,0
54,Emergency,Oncology,2,3,15.0,1
49,Emergency,Cardiology,0,1,9.0,1
26,Elective,Oncology,1,2,5.0,0
36,Emergency,Cardiology,1,0,4.0,0
65,Elective,Orthopedics,3,2,10.0,1
20,Elective,Cardiology,0,1,3.0,0
37,Emergency,Orthopedics,0,0,6.0,0
41,Elective,Neurology,1,1,5.0,0
71,Emergency,Neurology,2,2,13.0,1
50,Urgent,Neurology,1,1,1.0,0
41,Emergency,Oncology,4,1,14.0,1
89,Urgent,Oncology,2,1,11.0,1
53,Elective,Orthopedics,0,1,6.0,0
55,Emergency,Neurology,1,0,8.0,0
42,Elective,Oncology,3,1,10.0,1
35,Urgent,Neurology,2,1,6.0,0
83,Elective,Oncology,1,1,8.0,0
71,Urgent,Cardiology,0,1,9.0,1
52,Urgent,Cardiology,0,1,10.0,1
78,Emergency,Neurology,3,2,11.0,1
58,Emergency,Orthopedics,3,1,12.0,1
50,Elective,Oncology,0,1,4.0,0
85,Emergency,Oncology,2,2,14.0,1
50,Urgent,Cardiology,0,1,4.0,0
31,Urgent,Cardiology,4,2,12.0,1
38,Emergency,Orthopedics,0,0,6.0,0
65,Emergency,Orthopedics,1,1,10.0,1
37,Elective,Orthopedics,2,0,9.0,1
25,Emergency,Neurology,0,1,5.0,0
24,Urgent,Cardiology,1,2,8.0,0
84,Emergency,Neurology,0,0,7.0,0
34,Elective,Cardiology,3,1,10.0,1
50,Emergency,Cardiology,3,2,15.0,1
65,Elective,Oncology,1,1,7.0,0
76,Emergency,Cardiology,2,2,8.0,0
39,Elective,Cardiology,0,1,4.0,0
47,Emergency,Neurology,1,1,14.0,1
55,Elective,Cardiology,3,1,7.0,0
68,Urgent,Neurology,3,0,11.0,1
71,Emergency,Orthopedics,0,0,7.0,0
25,Emergency,Cardiology,0,0,4.0,0
44,Emergency,Cardiology,1,0,9.0,1
44,Elective,Neurology,2,2,10.0,1
38,Elective,Orthopedics,0,0,6.0,0
47,Elective,Oncology,1,2,8.0,0
45,Emergency,Orthopedics,2,0,10.0,1
81,Emergency,Neurology,0,0,10.0,1
86,Elective,Orthopedics,0,0,9.0,1
78,Emergency,Neurology,0,0,7.0,0
65,Urgent,Neurology,2,1,10.0,1
36,Emergency,Oncology,2,1,8.0,0
21,Elective,Cardiology,2,3,8.0,0
52,Emergency,Neurology,1,1,9.0,1
81,Emergency,Neurology,4,2,12.0,1
66,Elective,Oncology,2,2,6.0,0
34,Elective,Neurology,2,0,8.0,0
61,Urgent,Cardiology,1,0,4.0,0
47,Emergency,Oncology,1,1,8.0,0
63,Emergency,Cardiology,2,1,9.0,1
23,Elective,Cardiology,2,1,5.0,0
54,Elective,Oncology,1,1,6.0,0
41,Emergency,Neurology,2,2,13.0,1
63,Emergency,Cardiology,2,0,8.0,0
70,Emergency,Cardiology,0,2,14.0,1
77,Urgent,Cardiology,1,2,11.0,1
80,Emergency,Cardiology,0,0,8.0,0
49,Emergency,Oncology,3,1,11.0,1
50,Emergency,Oncology,1,1,10.0,1
84,Emergency,Orthopedics,2,1,13.0,1
35,Emergency,Orthopedics,2,1,11.0,1
42,Elective,Cardiology,0,0,4.0,0
71,Emergency,Neurology,4,0,9.0,1
75,Urgent,Cardiology,2,0,9.0,1
84,Emergency,Neurology,1,0,9.0,1
63,Elective,Cardiology,0,0,1.0,0
41,Urgent,Orthopedics,1,1,7.0,0
49,Elective,Orthopedics,1,1,5.0,0
64,Elective,Neurology,0,1,5.0,0
40,Emergency,Cardiology,3,0,9.0,1
83,Emergency,Neurology,2,1,8.0,0
44,Elective,Orthopedics,0,3,8.0,0
19,Urgent,Cardiology,2,1,5.0,0
34,Elective,Cardiology,1,1,4.0,0
50,Elective,Neurology,0,0,5.0,0
26,Elective,Oncology,2,1,3.0,0
60,Emergency,Neurology,4,1,12.0,1
65,Emergency,Orthopedics,3,1,12.0,1
56,Elective,Orthopedics,2,1,8.0,0
59,Urgent,Orthopedics,2,1,9.0,1
43,Emergency,Orthopedics,1,2,12.0,1
67,Elective,Orthopedics,1,2,8.0,0
42,Emergency,Oncology,3,1,12.0,1
41,Elective,Cardiology,2,2,8.0,0
30,Emergency,Neurology,1,0,5.0,0
77,Emergency,Neurology,2,1,10.0,1
24,Elective,Orthopedics,2,1,7.0,0
74,Emergency,Neurology,0,2,13.0,1
53,Elective,Orthopedics,2,2,9.0,1
62,Elective,Oncology,0,0,4.0,0
37,Urgent,Oncology,1,0,8.0,0
82,Emergency,Cardiology,3,0,8.0,0
25,Emergency,Oncology,4,1,9.0,1
33,Emergency,Oncology,3,0,10.0,1
31,Urgent,Cardiology,1,1,9.0,1
32,Urgent,Neurology,2,1,7.0,0
83,Elective,Orthopedics,0,0,7.0,0
49,Urgent,Orthopedics,3,1,7.0,0
80,Elective,Neurology,1,3,11.0,1
68,Elective,Cardiology,1,3,10.0,1
42,Emergency,Neurology,0,0,5.0,0
75,Elective,Oncology,0,0,5.0,0
80,Emergency,Cardiology,1,1,9.0,1
79,Urgent,Cardiology,1,1,8.0,0
39,Elective,Cardiology,1,1,6.0,0
75,Elective,Orthopedics,1,1,11.0,1
75,Emergency,Neurology,1,1,9.0,1
66,Emergency,Cardiology,0,3,11.0,1
69,Emergency,Cardiology,3,1,14.0,1
59,Emergency,Cardiology,1,1,13.0,1
87,Emergency,Neurology,0,3,13.0,1
32,Urgent,Orthopedics,0,0,3.0,0
71,Elective,Oncology,0,0,5.0,0
77,Emergency,Orthopedics,2,1,7.0,0
25,Emergency,Cardiology,3,0,6.0,0
70,Emergency,Orthopedics,0,1,9.0,1
77,Elective,Orthopedics,0,0,5.0,0
22,Elective,Oncology,0,0,4.0,0
85,Urgent,Neurology,1,0,7.0,0
23,Emergency,Neurology,4,3,11.0,1
64,Urgent,Orthopedics,1,0,7.0,0
72,Urgent,Orthopedics,0,2,13.0,1
57,Emergency,Neurology,0,4,12.0,1
69,Urgent,Neurology,2,0,7.0,0
33,Emergency,Oncology,1,1,10.0,1
30,Urgent,Cardiology,0,2,5.0,0
47,Emergency,Orthopedics,1,2,13.0,1
36,Urgent,Neurology,0,1,2.0,0
34,Urgent,Orthopedics,3,0,5.0,0
80,Urgent,Orthopedics,1,1,7.0,0
36,Elective,Neurology,0,0,4.0,0
75,Emergency,Oncology,0,0,4.0,0
72,Emergency,Orthopedics,3,2,16.0,1
79,Emergency,Oncology,1,2,12.0,1
40,Emergency,Neurology,1,2,12.0,1
26,Elective,Cardiology,2,1,9.0,1
29,Emergency,Cardiology,2,1,7.0,0
18,Urgent,Orthopedics,1,2,1.0,0
75,Elective,Neurology,1,0,9.0,1
18,Urgent,Oncology,2,2,6.0,0
51,Emergency,Orthopedics,2,1,8.0,0
65,Urgent,Neurology,2,3,12.0,1
18,Urgent,Neurology,1,1,10.0,1
33,Emergency,Oncology,2,2,10.0,1
78,Elective,Orthopedics,2,2,12.0,1
81,Elective,Neurology,2,1,7.0,0
80,Emergency,Neurology,0,0,5.0,0
86,Elective,Neurology,4,1,13.0,1
39,Emergency,Oncology,2,0,9.0,1
84,Emergency,Orthopedics,1,1,10.0,1
43,Emergency,Orthopedics,2,2,14.0,1
33,Emergency,Orthopedics,2,0,4.0,0
68,Emergency,Orthopedics,0,2,8.0,0
74,Emergency,Cardiology,1,1,9.0,1
46,Urgent,Cardiology,2,1,6.0,0
86,Elective,Orthopedics,1,0,10.0,1
64,Urgent,Oncology,3,0,8.0,0
79,Emergency,Cardiology,1,3,12.0,1
86,Emergency,Neurology,1,1,8.0,0
33,Elective,Cardiology,2,1,9.0,1
65,Emergency,Neurology,0,1,7.0,0
56,Emergency,Orthopedics,1,1,7.0,0
50,Elective,Cardiology,1,1,6.0,0
40,Emergency,Oncology,2,1,10.0,1
27,Elective,Cardiology,1,1,4.0,0
86,Elective,Cardiology,2,1,11.0,1
51,Emergency,Cardiology,2,3,12.0,1
69,Emergency,Orthopedics,0,2,12.0,1
27,Elective,Oncology,4,1,9.0,1
36,Emergency,Cardiology,3,0,12.0,1
75,Emergency,Oncology,0,0,7.0,0
18,Urgent,Orthopedics,1,0,5.0,0
86,Emergency,Neurology,1,4,11.0,1
21,Elective,Cardiology,2,3,14.0,1
33,Urgent,Oncology,1,3,10.0,1
41,Emergency,Oncology,0,0,6.0,0
19,Emergency,Orthopedics,0,1,6.0,0
49,Emergency,Cardiology,1,3,11.0,1
41,Emergency,Neurology,1,2,13.0,1
29,Emergency,Oncology,1,2,11.0,1
67,Elective,Cardiology,4,1,9.0,1
52,Emergency,Neurology,0,2,7.0,0
50,Elective,Oncology,3,0,9.0,1
50,Urgent,Oncology,4,1,11.0,1
78,Urgent,Neurology,1,0,8.0,0
68,Elective,Neurology,1,1,7.0,0
60,Emergency,Orthopedics,1,1,9.0,1
29,Elective,Cardiology,0,1,8.0,0
84,Elective,Cardiology,3,0,12.0,1
82,Emergency,Orthopedics,2,0,11.0,1
50,Emergency,Oncology,1,2,12.0,1
57,Urgent,Neurology,3,3,11.0,1
60,Emergency,Neurology,4,1,9.0,1
61,Emergency,Neurology,0,2,8.0,0
46,Emergency,Oncology,3,0,11.0,1
30,Emergency,Neurology,1,0,9.0,1
29,Urgent,Neurology,2,2,10.0,1
63,Elective,Orthopedics,1,1,8.0,0
19,Elective,Oncology,1,1,7.0,0
52,Emergency,Cardiology,3,1,11.0,1
25,Emergency,Orthopedics,2,2,11.0,1
43,Emergency,Orthopedics,2,2,10.0,1
51,Emergency,Cardiology,0,1,6.0,0
24,Emergency,Orthopedics,1,3,12.0,1
85,Elective,Oncology,1,1,11.0,1
75,Emergency,Neurology,2,1,16.0,1
46,Elective,Oncology,3,0,7.0,0
53,Emergency,Cardiology,3,1,9.0,1
38,Emergency,Cardiology,2,0,7.0,0
53,Emergency,Orthopedics,0,3,10.0,1
27,Urgent,Oncology,2,1,6.0,0
41,Urgent,Oncology,0,0,5.0,0
81,Urgent,Cardiology,2,1,10.0,1
66,Emergency,Oncology,3,0,12.0,1
53,Emergency,Cardiology,1,0,8.0,0
41,Elective,Oncology,3,0,2.0,0
40,Emergency,Oncology,1,0,8.0,0
79,Urgent,Oncology,0,1,7.0,0
54,Emergency,Cardiology,3,0,11.0,1
29,Emergency,Orthopedics,0,0,5.0,0
72,Emergency,Oncology,2,2,13.0,1
30,Emergency,Cardiology,2,2,11.0,1
40,Elective,Cardiology,4,0,7.0,0
47,Emergency,Oncology,3,1,12.0,1
34,Emergency,Oncology,2,1,9.0,1
79,Emergency,Orthopedics,2,1,12.0,1
30,Emergency,Cardiology,3,0,3.0,0
76,Elective,Cardiology,2,2,8.0,0
36,Urgent,Neurology,2,1,4.0,0
66,Urgent,Cardiology,0,0,6.0,0
29,Elective,Orthopedics,2,0,8.0,0
78,Emergency,Neurology,1,1,10.0,1
36,Elective,Neurology,2,0,7.0,0
26,Emergency,Neurology,2,1,10.0,1
88,Emergency,Oncology,2,1,12.0,1
45,Urgent,Oncology,2,1,8.0,0
69,Emergency,Cardiology,2,1,11.0,1
33,Urgent,Neurology,2,2,7.0,0
86,Emergency,Orthopedics,1,0,10.0,1
29,Elective,Oncology,2,2,10.0,1
42,Elective,Orthopedics,4,1,9.0,1
69,Urgent,Orthopedics,0,2,8.0,0
70,Elective,Oncology,0,2,6.0,0
40,Elective,Oncology,1,0,8.0,0
33,Emergency,Oncology,0,3,7.0,0
74,Elective,Oncology,3,0,5.0,0
56,Emergency,Neurology,0,2,10.0,1
70,Elective,Neurology,0,1,5.0,0
59,Elective,Neurology,3,1,11.0,1
75,Elective,Neurology,1,5,9.0,1
56,Emergency,Cardiology,2,1,12.0,1
31,Emergency,Neurology,0,1,9.0,1
22,Elective,Oncology,0,3,7.0,0
52,Emergency,Orthopedics,2,0,5.0,0
35,Emergency,Neurology,0,1,4.0,0
26,Emergency,Cardiology,0,1,7.0,0
75,Urgent,Oncology,2,1,8.0,0
34,Elective,Orthopedics,2,2,9.0,1
24,Emergency,Orthopedics,2,0,7.0,0
63,Emergency,Neurology,3,0,10.0,1
30,Emergency,Orthopedics,2,2,5.0,0
57,Elective,Neurology,3,1,10.0,1
59,Elective,Neurology,2,1,6.0,0
26,Emergency,Oncology,1,2,8.0,0
67,Emergency,Oncology,3,1,9.0,1
44,Emergency,Cardiology,1,2,7.0,0
83,Elective,Oncology,1,0,10.0,1
22,Elective,Oncology,0,3,8.0,0
46,Emergency,Neurology,1,0,9.0,1
54,Emergency,Oncology,1,3,11.0,1
55,Emergency,Neurology,3,0,6.0,0
25,Urgent,Neurology,0,2,10.0,1
82,Emergency,Oncology,1,1,11.0,1
34,Elective,Cardiology,1,0,5.0,0
88,Elective,Cardiology,1,0,6.0,0
62,Emergency,Orthopedics,1,0,4.0,0
21,Emergency,Orthopedics,1,1,10.0,1
53,Emergency,Oncology,0,1,6.0,0
87,Elective,Cardiology,1,0,8.0,0
48,Elective,Neurology,2,0,8.0,0
36,Elective,Orthopedics,2,1,7.0,0
78,Elective,Neurology,0,0,7.0,0
71,Emergency,Orthopedics,1,3,15.0,1
56,Urgent,Oncology,6,0,8.0,0
36,Elective,Cardiology,1,1,6.0,0
56,Emergency,Orthopedics,1,1,9.0,1
84,Urgent,Cardiology,1,1,5.0,0
62,Elective,Neurology,1,3,10.0,1
30,Elective,Oncology,1,2,9.0,1
75,Elective,Cardiology,3,3,15.0,1
37,Urgent,Oncology,1,2,11.0,1
89,Elective,Cardiology,1,1,5.0,0
78,Emergency,Neurology,0,3,15.0,1
56,Emergency,Neurology,3,0,10.0,1
18,Urgent,Oncology,0,2,9.0,1
20,Emergency,Neurology,0,0,5.0,0
79,Emergency,Orthopedics,2,2,11.0,1
80,Emergency,Cardiology,1,1,8.0,0
42,Emergency,Neurology,3,1,12.0,1
73,Elective,Orthopedics,1,0,7.0,0
50,Urgent,Oncology,0,1,3.0,0
55,Emergency,Orthopedics,5,0,7.0,0
23,Emergency,Oncology,1,1,8.0,0
75,Emergency,Oncology,2,2,13.0,1
61,Urgent,Cardiology,2,1,6.0,0
62,Elective,Cardiology,0,0,3.0,0
49,Emergency,Orthopedics,0,1,9.0,1
62,Urgent,Cardiology,1,2,12.0,1
78,Urgent,Cardiology,3,0,7.0,0
64,Urgent,Cardiology,1,0,4.0,0
38,Urgent,Orthopedics,2,1,7.0,0
53,Emergency,Neurology,0,1,10.0,1
36,Elective,Cardiology,2,2,7.0,0
37,Emergency,Cardiology,0,2,13.0,1
74,Urgent,Orthopedics,1,1,10.0,1
35,Elective,Neurology,0,1,4.0,0
64,Elective,Cardiology,1,4,8.0,0
66,Elective,Oncology,1,3,12.0,1
31,Emergency,Orthopedics,0,2,11.0,1
32,Elective,Cardiology,1,1,5.0,0
48,Urgent,Cardiology,1,0,6.0,0
18,Urgent,Oncology,1,0,3.0,0
71,Emergency,Oncology,2,1,12.0,1
20,Emergency,Orthopedics,1,2,7.0,0
33,Emergency,Orthopedics,3,1,7.0,0
74,Elective,Oncology,1,0,8.0,0
29,Urgent,Orthopedics,0,3,9.0,1
33,Emergency,Oncology,2,1,8.0,0
89,Elective,Cardiology,3,0,7.0,0
41,Urgent,Oncology,2,0,8.0,0
45,Elective,Oncology,1,0,4.0,0
25,Elective,Neurology,1,1,5.0,0
53,Elective,Oncology,2,2,9.0,1
25,Elective,Oncology,2,0,2.0,0
75,Emergency,Neurology,2,1,11.0,1
77,Elective,Orthopedics,2,2,10.0,1
67,Elective,Neurology,2,1,9.0,1
45,Urgent,Cardiology,6,1,11.0,1
58,Elective,Neurology,0,0,9.0,1
81,Elective,Cardiology,2,0,10.0,1
44,Emergency,Orthopedics,2,1,10.0,1
80,Emergency,Neurology,0,0,9.0,1
34,Emergency,Neurology,2,3,15.0,1
50,Emergency,Orthopedics,1,2,12.0,1
46,Elective,Cardiology,1,2,5.0,0
30,Urgent,Neurology,4,0,9.0,1
63,Emergency,Cardiology,3,1,14.0,1
52,Emergency,Neurology,1,3,15.0,1
23,Urgent,Oncology,0,0,2.0,0
86,Emergency,Neurology,0,2,10.0,1
64,Elective,Orthopedics,0,1,5.0,0
42,Elective,Orthopedics,2,0,6.0,0
83,Elective,Cardiology,2,0,9.0,1
27,Emergency,Neurology,5,0,9.0,1
73,Emergency,Cardiology,1,0,9.0,1
47,Elective,Cardiology,0,1,1.0,0
22,Elective,Oncology,1,2,9.0,1
50,Emergency,Oncology,2,3,9.0,1
82,Elective,Orthopedics,1,0,8.0,0
35,Emergency,Cardiology,3,4,14.0,1
66,Elective,Orthopedics,2,1,8.0,0
28,Emergency,Neurology,1,0,7.0,0
43,Urgent,Cardiology,3,1,6.0,0
80,Emergency,Cardiology,0,2,10.0,1
76,Emergency,Neurology,0,3,14.0,1
44,Emergency,Neurology,1,1,11.0,1
66,Emergency,Orthopedics,4,1,11.0,1
50,Urgent,Orthopedics,2,1,4.0,0
18,Urgent,Neurology,0,1,3.0,0
38,Emergency,Orthopedics,1,2,13.0,1
72,Emergency,Neurology,1,0,7.0,0
23,Elective,Cardiology,2,3,8.0,0
86,Urgent,Cardiology,3,0,12.0,1
22,Elective,Oncology,3,4,9.0,1
20,Emergency,Cardiology,3,1,9.0,1
70,Emergency,Neurology,1,1,12.0,1
40,Elective,Orthopedics,1,0,8.0,0
70,Emergency,Oncology,1,2,10.0,1
54,Elective,Orthopedics,0,2,10.0,1
34,Emergency,Neurology,2,2,10.0,1
18,Elective,Cardiology,1,1,3.0,0
68,Emergency,Oncology,3,3,14.0,1
62,Elective,Neurology,2,3,8.0,0
21,Emergency,Oncology,1,2,10.0,1
79,Elective,Oncology,1,1,14.0,1
82,Emergency,Cardiology,2,1,14.0,1
49,Elective,Neurology,0,1,5.0,0
51,Elective,Orthopedics,3,1,10.0,1
89,Elective,Oncology,1,0,5.0,0
56,Elective,Oncology,0,3,7.0,0
43,Elective,Orthopedics,0,3,8.0,0
51,Urgent,Neurology,1,3,9.0,1
71,Emergency,Oncology,0,0,5.0,0
20,Urgent,Oncology,2,1,5.0,0
67,Emergency,Oncology,1,0,8.0,0
29,Emergency,Neurology,0,0,9.0,1
82,Emergency,Neurology,0,1,7.0,0
71,Emergency,Orthopedics,1,1,7.0,0
22,Elective,Neurology,0,1,5.0,0
74,Elective,Neurology,2,0,10.0,1
34,Elective,Cardiology,1,2,8.0,0
64,Elective,Orthopedics,2,1,9.0,1
40,Emergency,Oncology,1,3,10.0,1
31,Emergency,Neurology,0,1,9.0,1
83,Emergency,Oncology,1,2,14.0,1
68,Emergency,Oncology,6,1,13.0,1
55,Emergency,Cardiology,2,1,8.0,0
81,Emergency,Neurology,1,1,9.0,1
55,Elective,Orthopedics,2,2,11.0,1
67,Elective,Neurology,3,1,6.0,0
47,Urgent,Oncology,1,1,10.0,1
68,Urgent,Orthopedics,3,2,9.0,1
80,Elective,Neurology,0,2,9.0,1
69,Emergency,Oncology,2,0,11.0,1
55,Elective,Oncology,0,2,6.0,0
47,Elective,Cardiology,3,0,6.0,0
68,Emergency,Cardiology,2,0,10.0,1
22,Emergency,Cardiology,4,1,8.0,0
46,Urgent,Oncology,1,2,5.0,0
21,Emergency,Neurology,3,1,7.0,0
27,Elective,Cardiology,0,1,7.0,0
73,Elective,Neurology,2,2,10.0,1
34,Emergency,Cardiology,1,0,5.0,0
34,Emergency,Orthopedics,1,1,10.0,1
86,Emergency,Orthopedics,0,2,10.0,1
51,Emergency,Cardiology,1,3,8.0,0
23,Emergency,Oncology,0,0,7.0,0
70,Urgent,Cardiology,0,0,9.0,1
83,Emergency,Cardiology,2,1,13.0,1
60,Elective,Oncology,0,1,2.0,0
40,Emergency,Orthopedics,0,1,8.0,0
72,Urgent,Neurology,3,0,7.0,0
33,Emergency,Cardiology,2,1,10.0,1
25,Emergency,Oncology,1,1,6.0,0
21,Urgent,Cardiology,4,1,7.0,0
21,Urgent,Oncology,2,0,2.0,0
73,Emergency,Neurology,3,0,11.0,1
42,Urgent,Neurology,2,2,5.0,0
84,Emergency,Orthopedics,1,0,10.0,1
84,Emergency,Oncology,2,1,10.0,1
44,Emergency,Oncology,3,2,5.0,0
49,Emergency,Orthopedics,2,0,10.0,1
67,Elective,Orthopedics,1,2,10.0,1
78,Emergency,Oncology,2,1,14.0,1
68,Emergency,Orthopedics,2,0,5.0,0
36,Elective,Neurology,1,1,4.0,0
38,Elective,Cardiology,1,2,7.0,0
22,Emergency,Neurology,0,0,7.0,0
59,Elective,Orthopedics,1,1,4.0,0
78,Emergency,Oncology,0,1,10.0,1
39,Elective,Oncology,2,1,6.0,0
38,Elective,Neurology,2,0,2.0,0
87,Urgent,Oncology,2,0,6.0,0
18,Emergency,Orthopedics,0,0,6.0,0
22,Emergency,Neurology,2,1,5.0,0
29,Emergency,Oncology,2,0,9.0,1
63,Emergency,Cardiology,3,0,11.0,1
51,Emergency,Cardiology,3,3,13.0,1
66,Urgent,Orthopedics,3,1,6.0,0
62,Emergency,Oncology,2,2,8.0,0
44,Emergency,Orthopedics,2,0,8.0,0
43,Elective,Neurology,0,0,2.0,0
64,Emergency,Cardiology,2,2,11.0,1
73,Elective,Neurology,2,0,9.0,1
80,Emergency,Oncology,2,2,12.0,1
65,Emergency,Orthopedics,0,1,8.0,0
78,Emergency,Orthopedics,0,3,11.0,1
43,Emergency,Orthopedics,2,2,13.0,1
53,Urgent,Neurology,1,1,9.0,1
18,Emergency,Cardiology,2,2,10.0,1
25,Elective,Neurology,2,1,6.0,0
69,Emergency,Neurology,4,1,13.0,1
64,Emergency,Oncology,0,0,11.0,1
73,Urgent,Oncology,1,1,9.0,1
31,Emergency,Oncology,0,1,10.0,1
45,Elective,Cardiology,0,2,6.0,0
19,Urgent,Cardiology,0,0,1.0,0
43,Elective,Oncology,1,2,6.0,0
31,Urgent,Oncology,2,1,5.0,0
76,Emergency,Cardiology,0,1,13.0,1
73,Emergency,Orthopedics,1,0,10.0,1
24,Emergency,Cardiology,3,0,7.0,0
20,Elective,Cardiology,1,0,5.0,0
40,Urgent,Cardiology,3,0,6.0,0
35,Emergency,Oncology,3,1,13.0,1
55,Elective,Orthopedics,2,0,6.0,0
32,Emergency,Cardiology,1,0,4.0,0
81,Elective,Oncology,1,2,9.0,1
45,Emergency,Neurology,1,1,8.0,0
56,Urgent,Neurology,1,1,4.0,0
74,Elective,Cardiology,0,3,10.0,1
34,Emergency,Neurology,2,2,13.0,1
61,Emergency,Orthopedics,1,1,7.0,0
42,Emergency,Neurology,3,0,11.0,1
34,Emergency,Neurology,2,0,7.0,0
30,Emergency,Orthopedics,2,1,9.0,1
42,Urgent,Cardiology,0,1,5.0,0
85,Elective,Cardiology,2,1,9.0,1
27,Elective,Orthopedics,1,1,6.0,0
84,Emergency,Orthopedics,3,0,9.0,1
35,Urgent,Orthopedics,2,1,9.0,1
51,Elective,Neurology,0,2,8.0,0
25,Emergency,Orthopedics,4,2,13.0,1
57,Elective,Oncology,2,2,7.0,0
59,Elective,Neurology,3,0,5.0,0
58,Emergency,Cardiology,0,2,12.0,1
23,Emergency,Cardiology,1,0,4.0,0
69,Emergency,Cardiology,2,1,11.0,1
43,Emergency,Neurology,2,2,13.0,1
81,Urgent,Oncology,1,3,10.0,1
76,Urgent,Orthopedics,1,2,11.0,1
73,Elective,Orthopedics,1,0,6.0,0
76,Emergency,Cardiology,2,0,7.0,0
87,Emergency,Cardiology,3,2,14.0,1
50,Elective,Neurology,3,2,10.0,1
70,Elective,Oncology,1,1,13.0,1
39,Emergency,Orthopedics,1,1,7.0,0
38,Elective,Neurology,1,1,5.0,0
87,Urgent,Orthopedics,3,0,7.0,0
87,Emergency,Cardiology,3,1,12.0,1
21,Emergency,Orthopedics,2,1,8.0,0
79,Elective,Oncology,1,1,6.0,0
79,Emergency,Oncology,0,1,11.0,1
41,Emergency,Cardiology,1,3,11.0,1
72,Emergency,Oncology,1,1,13.0,1
26,Emergency,Oncology,1,1,7.0,0
20,Elective,Neurology,2,2,11.0,1
48,Elective,Orthopedics,3,1,9.0,1
57,Emergency,Cardiology,3,3,16.0,1
53,Urgent,Cardiology,1,0,6.0,0
41,Urgent,Cardiology,2,2,6.0,0
23,Urgent,Cardiology,1,2,6.0,0
83,Emergency,Cardiology,2,0,7.0,0
21,Emergency,Oncology,0,0,5.0,0
23,Urgent,Neurology,1,2,7.0,0
68,Elective,Cardiology,0,3,9.0,1
79,Emergency,Neurology,1,1,13.0,1
74,Emergency,Neurology,1,2,11.0,1
83,Emergency,Oncology,1,1,7.0,0
25,Urgent,Cardiology,0,1,12.0,1
43,Elective,Oncology,2,1,6.0,0
68,Emergency,Cardiology,1,0,11.0,1
62,Emergency,Oncology,3,1,8.0,0
61,Elective,Neurology,0,0,6.0,0
22,Urgent,Cardiology,1,1,4.0,0
87,Emergency,Orthopedics,4,0,6.0,0
43,Elective,Neurology,1,1,6.0,0
85,Urgent,Orthopedics,0,3,10.0,1
36,Emergency,Neurology,1,0,7.0,0
37,Elective,Oncology,1,0,5.0,0
29,Emergency,Cardiology,2,3,11.0,1
64,Elective,Neurology,2,0,7.0,0
18,Elective,Oncology,3,1,7.0,0
31,Elective,Cardiology,3,0,6.0,0
81,Elective,Cardiology,2,3,11.0,1
55,Emergency,Neurology,1,2,9.0,1
54,Urgent,Cardiology,3,2,11.0,1
28,Elective,Neurology,1,4,8.0,0
20,Emergency,Cardiology,1,0,6.0,0
50,Elective,Orthopedics,1,1,8.0,0
23,Elective,Oncology,1,2,7.0,0
67,Emergency,Orthopedics,1,1,8.0,0
27,Urgent,Neurology,0,2,8.0,0
22,Urgent,Orthopedics,3,2,6.0,0
40,Emergency,Neurology,3,0,7.0,0
27,Urgent,Cardiology,3,2,9.0,1
61,Emergency,Cardiology,2,0,13.0,1
19,Emergency,Neurology,1,2,7.0,0
30,Emergency,Orthopedics,1,0,8.0,0
57,Urgent,Cardiology,1,2,6.0,0
19,Elective,Oncology,2,1,4.0,0
82,Emergency,Cardiology,0,2,13.0,1
80,Emergency,Oncology,0,3,13.0,1
34,Elective,Orthopedics,2,1,9.0,1
26,Emergency,Oncology,0,1,9.0,1
32,Urgent,Oncology,4,1,4.0,0
41,Urgent,Oncology,0,1,3.0,0
55,Elective,Oncology,0,3,9.0,1
52,Urgent,Cardiology,1,1,3.0,0
66,Emergency,Oncology,1,0,6.0,0
86,Urgent,Cardiology,4,2,15.0,1
79,Elective,Oncology,1,2,8.0,0
77,Elective,Neurology,1,0,8.0,0
67,Emergency,Orthopedics,2,1,11.0,1
26,Urgent,Oncology,1,0,3.0,0
51,Emergency,Neurology,5,1,9.0,1
52,Emergency,Oncology,3,1,11.0,1
18,Emergency,Oncology,4,1,13.0,1
57,Elective,Oncology,2,3,9.0,1
81,Elective,Neurology,1,0,7.0,0
39,Elective,Orthopedics,1,1,3.0,0
77,Urgent,Neurology,2,3,10.0,1
81,Emergency,Orthopedics,1,0,10.0,1
89,Elective,Oncology,2,1,11.0,1
28,Emergency,Cardiology,2,0,9.0,1
31,Urgent,Oncology,1,1,1.0,0
77,Urgent,Orthopedics,1,1,7.0,0
47,Elective,Neurology,1,4,8.0,0
52,Elective,Oncology,3,1,8.0,0
54,Emergency,Neurology,1,0,8.0,0
22,Emergency,Neurology,2,1,11.0,1
43,Urgent,Neurology,3,1,8.0,0
79,Emergency,Oncology,1,1,13.0,1
21,Emergency,Neurology,0,0,4.0,0
59,Emergency,Neurology,3,0,7.0,0
35,Urgent,Oncology,2,0,8.0,0
57,Emergency,Neurology,1,0,9.0,1
89,Emergency,Oncology,2,1,10.0,1
56,Elective,Orthopedics,0,1,7.0,0
31,Urgent,Orthopedics,0,2,8.0,0
49,Emergency,Orthopedics,0,1,8.0,0
68,Emergency,Neurology,2,1,9.0,1
55,Emergency,Cardiology,0,2,9.0,1
40,Emergency,Cardiology,2,1,10.0,1
80,Emergency,Neurology,1,2,12.0,1
32,Elective,Cardiology,1,0,7.0,0
42,Elective,Oncology,3,2,8.0,0
34,Elective,Cardiology,1,0,3.0,0
83,Emergency,Neurology,1,2,17.0,1
70,Urgent,Neurology,0,1,7.0,0
68,Emergency,Oncology,4,1,14.0,1
56,Urgent,Orthopedics,0,3,9.0,1
68,Elective,Neurology,4,0,9.0,1
87,Emergency,Oncology,1,1,10.0,1
23,Elective,Cardiology,2,2,2.0,0
84,Emergency,Cardiology,1,0,7.0,0
24,Elective,Oncology,1,0,5.0,0
68,Emergency,Oncology,1,3,7.0,0
89,Emergency,Neurology,1,1,11.0,1
59,Urgent,Cardiology,1,0,7.0,0
81,Emergency,Oncology,1,1,12.0,1
32,Urgent,Cardiology,0,0,5.0,0
46,Emergency,Oncology,3,2,14.0,1
50,Elective,Cardiology,1,1,10.0,1
44,Elective,Orthopedics,0,4,11.0,1
53,Elective,Neurology,3,1,9.0,1
46,Emergency,Cardiology,1,1,9.0,1
55,Emergency,Orthopedics,2,1,10.0,1
74,Emergency,Cardiology,1,2,11.0,1
44,Emergency,Cardiology,2,1,12.0,1
72,Elective,Orthopedics,1,0,8.0,0
50,Urgent,Cardiology,2,2,8.0,0
85,Urgent,Cardiology,4,1,13.0,1
83,Elective,Neurology,0,0,6.0,0
27,Elective,Orthopedics,1,2,5.0,0
22,Elective,Orthopedics,0,1,4.0,0
55,Emergency,Oncology,0,1,7.0,0
30,Urgent,Cardiology,2,0,7.0,0
48,Elective,Neurology,0,0,3.0,0
64,Elective,Cardiology,1,1,7.0,0
69,Emergency,Cardiology,0,3,13.0,1
73,Emergency,Oncology,0,1,8.0,0
32,Emergency,Cardiology,3,1,11.0,1
46,Urgent,Neurology,3,5,11.0,1
25,Elective,Neurology,1,3,8.0,0
22,Emergency,Oncology,3,3,13.0,1
46,Urgent,Cardiology,1,2,7.0,0
64,Emergency,Neurology,5,2,14.0,1
85,Emergency,Cardiology,1,1,12.0,1
62,Emergency,Cardiology,3,1,11.0,1
19,Elective,Cardiology,1,0,6.0,0
44,Urgent,Oncology,2,3,12.0,1
53,Emergency,Cardiology,1,1,7.0,0
53,Urgent,Neurology,2,1,11.0,1
43,Emergency,Cardiology,0,1,7.0,0
60,Urgent,Neurology,2,0,11.0,1
44,Elective,Cardiology,1,1,6.0,0
86,Urgent,Neurology,1,0,9.0,1
37,Emergency,Neurology,2,3,13.0,1
28,Urgent,Cardiology,1,3,7.0,0
55,Elective,Cardiology,2,3,10.0,1
23,Emergency,Neurology,0,0,9.0,1
89,Urgent,Orthopedics,0,0,6.0,0
40,Emergency,Oncology,2,0,7.0,0
64,Urgent,Orthopedics,1,1,5.0,0
63,Emergency,Orthopedics,1,0,12.0,1
29,Elective,Cardiology,4,0,6.0,0
30,Elective,Oncology,2,0,7.0,0
79,Emergency,Orthopedics,1,0,8.0,0
77,Emergency,Cardiology,1,2,14.0,1
60,Emergency,Orthopedics,1,1,11.0,1
85,Emergency,Orthopedics,2,0,10.0,1
22,Emergency,Cardiology,1,3,9.0,1
54,Elective,Cardiology,3,0,6.0,0
89,Emergency,Cardiology,0,3,11.0,1
48,Emergency,Oncology,0,3,13.0,1
26,Elective,Orthopedics,4,3,10.0,1
68,Emergency,Cardiology,2,2,10.0,1
46,Urgent,Neurology,2,2,8.0,0
57,Urgent,Orthopedics,1,2,8.0,0
58,Elective,Neurology,3,3,7.0,0
28,Elective,Oncology,3,1,7.0,0
40,Urgent,Cardiology,2,1,8.0,0
18,Emergency,Neurology,0,2,8.0,0
63,Emergency,Oncology,0,0,8.0,0
38,Emergency,Cardiology,0,2,10.0,1
53,Elective,Neurology,1,3,8.0,0
71,Emergency,Neurology,0,1,11.0,1
74,Elective,Oncology,2,1,11.0,1
18,Urgent,Cardiology,0,3,3.0,0
80,Urgent,Cardiology,4,0,9.0,1
71,Elective,Neurology,0,0,10.0,1
72,Emergency,Neurology,0,2,11.0,1
57,Urgent,Neurology,0,3,8.0,0
32,Elective,Cardiology,2,2,7.0,0
38,Emergency,Oncology,0,0,9.0,1
64,Emergency,Oncology,2,1,9.0,1
70,Urgent,Cardiology,1,1,9.0,1
26,Elective,Orthopedics,2,1,6.0,0
69,Urgent,Oncology,1,1,6.0,0
74,Urgent,Neurology,2,0,7.0,0
43,Elective,Orthopedics,3,1,8.0,0
58,Elective,Orthopedics,0,1,5.0,0
52,Emergency,Oncology,3,3,15.0,1
80,Emergency,Orthopedics,3,0,9.0,1
42,Emergency,Orthopedics,2,0,8.0,0
55,Elective,Oncology,1,0,7.0,0
19,Elective,Oncology,1,0,4.0,0
24,Urgent,Orthopedics,3,1,8.0,0
51,Emergency,Neurology,2,1,9.0,1
34,Elective,Cardiology,1,1,7.0,0
60,Elective,Orthopedics,2,0,8.0,0
76,Elective,Orthopedics,0,1,9.0,1
68,Elective,Neurology,0,0,2.0,0
71,Emergency,Orthopedics,3,2,14.0,1
41,Elective,Orthopedics,1,0,7.0,0
42,Emergency,Cardiology,2,4,12.0,1
88,Emergency,Cardiology,1,0,9.0,1
69,Emergency,Cardiology,1,1,9.0,1
87,Elective,Oncology,1,2,7.0,0
50,Urgent,Oncology,4,4,14.0,1
66,Elective,Cardiology,0,0,10.0,1
46,Elective,Cardiology,1,2,6.0,0
80,Elective,Oncology,3,1,9.0,1
39,Elective,Neurology,0,0,4.0,0
43,Emergency,Orthopedics,1,1,5.0,0
45,Emergency,Orthopedics,1,1,7.0,0
66,Emergency,Cardiology,0,1,9.0,1
88,Emergency,Neurology,3,1,11.0,1
66,Emergency,Oncology,0,0,10.0,1
37,Emergency,Cardiology,2,1,7.0,0
80,Emergency,Neurology,0,2,13.0,1
78,Urgent,Neurology,2,2,13.0,1
66,Emergency,Neurology,1,0,9.0,1
88,Emergency,Oncology,3,2,13.0,1
18,Emergency,Oncology,3,1,9.0,1
30,Elective,Orthopedics,2,2,7.0,0
68,Emergency,Orthopedics,3,1,7.0,0
73,Emergency,Neurology,2,0,8.0,0
79,Elective,Neurology,1,2,9.0,1
49,Emergency,Oncology,0,2,7.0,0
47,Emergency,Orthopedics,2,2,10.0,1
46,Emergency,Neurology,0,5,14.0,1
66,Emergency,Orthopedics,1,2,11.0,1
62,Emergency,Orthopedics,0,0,10.0,1
47,Emergency,Neurology,0,2,10.0,1
33,Urgent,Oncology,4,3,11.0,1
57,Elective,Neurology,2,1,6.0,0
36,Elective,Neurology,0,0,1.0,0
35,Emergency,Orthopedics,3,1,9.0,1
18,Urgent,Neurology,0,3,5.0,0
64,Emergency,Oncology,1,0,8.0,0
83,Emergency,Neurology,2,0,8.0,0
55,Elective,Oncology,2,1,9.0,1
68,Emergency,Oncology,1,0,7.0,0
80,Emergency,Orthopedics,4,1,12.0,1
21,Elective,Cardiology,1,1,5.0,0
18,Urgent,Cardiology,2,0,7.0,0
25,Emergency,Orthopedics,3,0,12.0,1
46,Elective,Neurology,0,1,9.0,1
72,Urgent,Orthopedics,2,3,8.0,0
20,Emergency,Oncology,1,1,7.0,0
49,Emergency,Cardiology,1,2,9.0,1
27,Emergency,Orthopedics,1,1,9.0,1
51,Emergency,Neurology,1,0,8.0,0
72,Emergency,Orthopedics,2,0,9.0,1
49,Urgent,Cardiology,2,1,6.0,0
67,Elective,Orthopedics,1,0,4.0,0
24,Elective,Orthopedics,2,1,1.0,0
25,Emergency,Cardiology,3,1,7.0,0
82,Urgent,Oncology,2,0,9.0,1
74,Urgent,Oncology,2,1,11.0,1
84,Urgent,Cardiology,3,1,12.0,1
76,Emergency,Orthopedics,1,1,12.0,1
89,Elective,Cardiology,1,2,8.0,0
71,Emergency,Oncology,2,1,8.0,0
84,Emergency,Neurology,0,1,6.0,0
68,Emergency,Orthopedics,2,1,10.0,1
25,Elective,Oncology,0,2,6.0,0
51,Elective,Orthopedics,1,2,6.0,0
52,Emergency,Cardiology,0,0,8.0,0
49,Emergency,Neurology,1,3,13.0,1
63,Emergency,Cardiology,1,0,8.0,0
33,Emergency,Neurology,2,1,6.0,0
85,Emergency,Orthopedics,1,0,12.0,1
54,Emergency,Orthopedics,2,0,9.0,1
71,Elective,Cardiology,1,1,11.0,1
31,Emergency,Neurology,2,0,8.0,0
72,Emergency,Neurology,1,1,10.0,1
65,Emergency,Orthopedics,1,0,7.0,0
24,Urgent,Cardiology,1,0,3.0,0
24,Elective,Neurology,2,1,3.0,0
50,Elective,Orthopedics,2,0,3.0,0
40,Emergency,Oncology,0,2,10.0,1
36,Elective,Cardiology,1,1,5.0,0
36,Emergency,Oncology,0,1,7.0,0
53,Elective,Cardiology,4,0,6.0,0
46,Urgent,Orthopedics,1,1,6.0,0
77,Elective,Neurology,2,2,12.0,1
19,Urgent,Neurology,1,1,5.0,0
18,Elective,Neurology,0,0,1.0,0
64,Emergency,Cardiology,0,2,12.0,1
86,Urgent,Orthopedics,4,4,18.0,1
37,Emergency,Oncology,0,2,10.0,1
28,Elective,Orthopedics,1,0,6.0,0
19,Emergency,Oncology,2,4,14.0,1
84,Emergency,Cardiology,0,0,5.0,0
29,Emergency,Cardiology,0,0,10.0,1
37,Emergency,Oncology,3,0,11.0,1
22,Emergency,Oncology,1,3,11.0,1
54,Elective,Oncology,0,0,4.0,0
55,Emergency,Orthopedics,2,0,6.0,0
26,Emergency,Oncology,2,0,7.0,0
70,Elective,Cardiology,3,1,10.0,1
61,Emergency,Cardiology,0,0,5.0,0
41,Elective,Neurology,0,1,5.0,0
47,Elective,Oncology,0,1,3.0,0
76,Urgent,Orthopedics,2,1,8.0,0
31,Elective,Orthopedics,1,1,3.0,0
26,Emergency,Orthopedics,1,2,6.0,0
57,Elective,Neurology,1,2,9.0,1
83,Emergency,Cardiology,1,0,8.0,0
42,Emergency,Orthopedics,1,1,8.0,0
39,Elective,Cardiology,0,0,3.0,0
21,Emergency,Neurology,0,1,12.0,1
43,Elective,Oncology,1,0,6.0,0
75,Urgent,Oncology,3,2,12.0,1
46,Urgent,Oncology,0,2,5.0,0
54,Urgent,Orthopedics,0,1,7.0,0
87,Emergency,Oncology,1,3,13.0,1
35,Emergency,Orthopedics,0,2,7.0,0
59,Elective,Neurology,0,2,11.0,1
58,Emergency,Neurology,1,2,12.0,1
55,Elective,Orthopedics,2,1,9.0,1
51,Elective,Cardiology,0,2,5.0,0
34,Elective,Oncology,0,1,2.0,0
54,Emergency,Oncology,5,1,12.0,1
42,Emergency,Oncology,1,1,7.0,0
44,Emergency,Orthopedics,0,0,8.0,0
74,Emergency,Neurology,0,0,10.0,1
48,Urgent,Oncology,3,0,7.0,0
23,Emergency,Neurology,0,2,10.0,1
57,Emergency,Oncology,2,3,13.0,1
29,Emergency,Oncology,1,1,6.0,0
70,Elective,Orthopedics,1,2,8.0,0
88,Elective,Cardiology,1,1,9.0,1
27,Emergency,Orthopedics,2,2,12.0,1
62,Emergency,Oncology,1,1,10.0,1
34,Emergency,Oncology,0,3,9.0,1
43,Emergency,Cardiology,2,0,10.0,1
79,Elective,Neurology,1,0,8.0,0
63,Elective,Neurology,1,0,9.0,1
81,Emergency,Oncology,3,1,12.0,1
19,Emergency,Neurology,2,2,7.0,0
71,Urgent,Oncology,2,0,10.0,1
82,Emergency,Cardiology,4,0,11.0,1
68,Elective,Cardiology,3,1,10.0,1
70,Emergency,Oncology,0,0,8.0,0
53,Emergency,Cardiology,2,2,11.0,1
43,Emergency,Orthopedics,1,1,8.0,0
46,Elective,Orthopedics,1,2,4.0,0
38,Urgent,Cardiology,1,1,4.0,0
28,Emergency,Oncology,3,0,11.0,1
57,Emergency,Oncology,0,1,9.0,1
28,Emergency,Cardiology,1,1,12.0,1
53,Emergency,Neurology,4,1,9.0,1
76,Emergency,Orthopedics,1,1,10.0,1
56,Emergency,Neurology,2,0,11.0,1
71,Elective,Oncology,2,3,10.0,1
72,Emergency,Oncology,1,0,8.0,0
41,Emergency,Neurology,1,2,9.0,1
39,Urgent,Cardiology,4,1,7.0,0
86,Emergency,Neurology,2,5,17.0,1
73,Urgent,Neurology,2,1,5.0,0
50,Emergency,Orthopedics,2,1,13.0,1
53,Urgent,Orthopedics,3,1,6.0,0
37,Elective,Neurology,2,2,4.0,0
79,Urgent,Neurology,1,1,8.0,0
43,Urgent,Oncology,2,1,6.0,0
83,Emergency,Orthopedics,1,1,10.0,1
57,Urgent,Orthopedics,2,0,7.0,0
34,Emergency,Oncology,2,1,10.0,1
18,Emergency,Cardiology,2,1,12.0,1
78,Emergency,Orthopedics,2,1,10.0,1
60,Elective,Orthopedics,2,1,9.0,1
59,Emergency,Cardiology,1,1,11.0,1
42,Elective,Orthopedics,0,2,1.0,0
56,Elective,Orthopedics,2,0,5.0,0
52,Elective,Cardiology,0,0,2.0,0
20,Urgent,Cardiology,0,0,4.0,0
61,Emergency,Neurology,2,0,10.0,1
68,Emergency,Oncology,1,0,9.0,1
29,Emergency,Oncology,0,1,7.0,0
36,Emergency,Cardiology,0,1,7.0,0
61,Emergency,Cardiology,1,2,11.0,1
76,Emergency,Orthopedics,1,0,8.0,0
66,Emergency,Neurology,3,0,12.0,1
78,Urgent,Neurology,2,0,5.0,0
34,Elective,Cardiology,1,1,4.0,0
74,Emergency,Orthopedics,1,0,9.0,1
72,Elective,Orthopedics,4,0,8.0,0
64,Emergency,Oncology,2,2,9.0,1
29,Emergency,Oncology,1,1,9.0,1
79,Elective,Orthopedics,1,0,6.0,0
25,Emergency,Oncology,1,1,6.0,0
38,Emergency,Cardiology,0,1,7.0,0
87,Urgent,Orthopedics,3,1,8.0,0
89,Urgent,Oncology,2,1,9.0,1
42,Elective,Neurology,0,1,5.0,0
29,Elective,Orthopedics,5,1,8.0,0
32,Elective,Orthopedics,0,0,3.0,0
76,Emergency,Neurology,1,0,11.0,1
43,Emergency,Cardiology,3,3,13.0,1
43,Emergency,Neurology,1,2,6.0,0
64,Emergency,Orthopedics,2,1,12.0,1
49,Elective,Cardiology,2,3,11.0,1
27,Emergency,Oncology,1,0,8.0,0
33,Urgent,Oncology,3,2,10.0,1
88,Urgent,Oncology,1,0,7.0,0
34,Elective,Orthopedics,2,0,7.0,0
40,Elective,Neurology,2,1,6.0,0
43,Urgent,Cardiology,2,1,9.0,1
24,Emergency,Oncology,0,1,7.0,0
31,Elective,Cardiology,1,0,2.0,0
24,Emergency,Orthopedics,4,1,12.0,1
26,Elective,Oncology,0,0,3.0,0
65,Emergency,Orthopedics,1,0,8.0,0
89,Urgent,Neurology,0,0,6.0,0
76,Urgent,Orthopedics,2,2,9.0,1
56,Emergency,Orthopedics,4,2,13.0,1
35,Emergency,Neurology,3,2,9.0,1
76,Urgent,Cardiology,0,0,3.0,0
34,Emergency,Neurology,1,0,5.0,0
31,Urgent,Neurology,0,0,4.0,0
48,Elective,Orthopedics,1,2,7.0,0
41,Emergency,Cardiology,3,3,15.0,1
77,Emergency,Oncology,0,1,9.0,1
62,Emergency,Neurology,3,0,12.0,1
20,Elective,Cardiology,2,0,3.0,0
54,Emergency,Neurology,2,2,10.0,1
60,Elective,Neurology,1,2,8.0,0
57,Emergency,Neurology,2,0,9.0,1
72,Elective,Neurology,1,2,8.0,0
56,Urgent,Orthopedics,1,2,6.0,0
32,Urgent,Cardiology,6,0,5.0,0
21,Emergency,Cardiology,2,0,8.0,0
42,Urgent,Cardiology,1,1,7.0,0
30,Elective,Neurology,2,2,6.0,0
50,Elective,Orthopedics,0,3,9.0,1
33,Urgent,Neurology,0,3,7.0,0
59,Emergency,Neurology,2,1,12.0,1
83,Emergency,Cardiology,2,0,8.0,0
72,Urgent,Neurology,1,2,9.0,1
59,Emergency,Oncology,0,2,9.0,1
51,Urgent,Neurology,1,1,7.0,0
47,Urgent,Oncology,1,1,9.0,1
30,Emergency,Neurology,0,3,9.0,1
30,Urgent,Orthopedics,1,0,6.0,0
35,Emergency,Orthopedics,0,1,7.0,0
49,Elective,Cardiology,1,0,7.0,0
56,Elective,Neurology,0,1,8.0,0
63,Urgent,Oncology,5,0,8.0,0
46,Emergency,Oncology,4,1,10.0,1
79,Emergency,Neurology,3,2,14.0,1
79,Elective,Oncology,1,2,8.0,0
74,Elective,Orthopedics,1,0,7.0,0
33,Elective,Oncology,0,2,5.0,0
73,Emergency,Cardiology,1,3,13.0,1
27,Emergency,Orthopedics,3,0,8.0,0
47,Emergency,Orthopedics,2,1,8.0,0
42,Urgent,Orthopedics,0,4,11.0,1
22,Emergency,Neurology,1,1,8.0,0
82,Emergency,Neurology,3,3,14.0,1
66,Urgent,Orthopedics,2,2,10.0,1
20,Emergency,Neurology,1,2,5.0,0
62,Urgent,Oncology,2,2,13.0,1
31,Elective,Neurology,1,1,6.0,0
47,Urgent,Neurology,2,0,2.0,0
85,Emergency,Orthopedics,2,1,14.0,1
35,Emergency,Cardiology,0,4,10.0,1
79,Elective,Cardiology,2,1,11.0,1
54,Urgent,Cardiology,1,2,8.0,0
42,Elective,Oncology,1,1,3.0,0
65,Emergency,Neurology,2,2,12.0,1
82,Elective,Cardiology,1,2,10.0,1
70,Elective,Orthopedics,1,0,9.0,1
32,Elective,Cardiology,0,1,6.0,0
66,Elective,Cardiology,1,0,4.0,0
85,Urgent,Neurology,2,4,15.0,1
29,Elective,Neurology,1,0,3.0,0
76,Emergency,Neurology,3,1,15.0,1
54,Emergency,Oncology,2,1,9.0,1
78,Emergency,Oncology,0,0,8.0,0
60,Emergency,Cardiology,0,1,7.0,0
87,Emergency,Neurology,2,0,9.0,1
56,Emergency,Cardiology,3,1,9.0,1
73,Emergency,Orthopedics,0,0,11.0,1
80,Emergency,Orthopedics,2,1,9.0,1
63,Urgent,Neurology,2,1,10.0,1
28,Urgent,Neurology,2,1,8.0,0
79,Emergency,Orthopedics,0,1,12.0,1
42,Urgent,Neurology,2,3,9.0,1
88,Elective,Oncology,2,0,6.0,0
69,Emergency,Oncology,0,1,9.0,1
21,Emergency,Neurology,0,3,10.0,1
76,Elective,Orthopedics,1,3,10.0,1
89,Elective,Cardiology,1,0,8.0,0
37,Elective,Neurology,1,1,9.0,1
80,Emergency,Neurology,1,2,13.0,1
71,Emergency,Cardiology,2,1,11.0,1
74,Emergency,Neurology,3,0,7.0,0
58,Emergency,Cardiology,1,0,7.0,0
20,Emergency,Orthopedics,3,1,8.0,0
23,Emergency,Oncology,2,0,3.0,0
22,Urgent,Orthopedics,3,1,4.0,0
22,Urgent,Oncology,2,1,5.0,0
71,Emergency,Cardiology,4,0,11.0,1
64,Urgent,Oncology,2,0,8.0,0
66,Emergency,Orthopedics,1,1,9.0,1
26,Emergency,Oncology,1,3,11.0,1
37,Emergency,Cardiology,0,0,6.0,0
78,Elective,Oncology,1,4,12.0,1
52,Urgent,Neurology,1,0,6.0,0
67,Elective,Orthopedics,3,0,11.0,1
79,Emergency,Neurology,1,0,8.0,0
34,Elective,Cardiology,0,1,5.0,0
20,Emergency,Oncology,2,2,11.0,1
49,Urgent,Neurology,0,2,4.0,0
30,Elective,Neurology,0,0,7.0,0
85,Emergency,Oncology,2,1,14.0,1
31,Elective,Oncology,2,0,2.0,0
28,Elective,Orthopedics,1,1,6.0,0
73,Emergency,Neurology,1,1,9.0,1
84,Elective,Neurology,0,2,8.0,0
46,Emergency,Cardiology,1,0,8.0,0
26,Elective,Orthopedics,1,0,6.0,0
84,Urgent,Cardiology,1,1,7.0,0
42,Urgent,Neurology,4,2,9.0,1
59,Elective,Cardiology,2,2,10.0,1
26,Elective,Neurology,2,1,7.0,0
57,Emergency,Neurology,1,2,9.0,1
42,Elective,Cardiology,5,1,13.0,1
22,Emergency,Cardiology,1,0,5.0,0
28,Emergency,Oncology,3,2,13.0,1
76,Emergency,Oncology,1,1,11.0,1
55,Emergency,Oncology,2,3,14.0,1
89,Elective,Neurology,2,1,8.0,0
22,Emergency,Cardiology,0,1,3.0,0
65,Elective,Orthopedics,1,2,8.0,0
35,Emergency,Neurology,3,0,9.0,1
87,Emergency,Orthopedics,2,0,9.0,1
54,Elective,Cardiology,2,2,11.0,1
77,Emergency,Neurology,2,2,12.0,1
65,Emergency,Orthopedics,0,3,10.0,1
45,Elective,Orthopedics,4,0,9.0,1
86,Emergency,Oncology,0,1,11.0,1
57,Urgent,Oncology,2,0,5.0,0
62,Emergency,Oncology,1,1,12.0,1
79,Emergency,Neurology,0,1,14.0,1
75,Elective,Cardiology,0,4,8.0,0
84,Emergency,Cardiology,2,2,12.0,1
73,Emergency,Oncology,2,0,10.0,1
57,Emergency,Oncology,0,0,12.0,1
57,Emergency,Oncology,0,0,6.0,0
50,Urgent,Orthopedics,2,0,4.0,0
23,Emergency,Oncology,2,0,5.0,0
36,Elective,Orthopedics,1,0,7.0,0
57,Urgent,Cardiology,2,0,5.0,0
76,Emergency,Neurology,1,1,9.0,1
76,Urgent,Neurology,3,1,10.0,1
65,Emergency,Neurology,1,4,14.0,1
58,Urgent,Neurology,1,4,13.0,1
30,Emergency,Orthopedics,6,1,12.0,1
62,Elective,Orthopedics,1,1,8.0,0
70,Emergency,Oncology,1,1,10.0,1
59,Emergency,Orthopedics,2,0,6.0,0
80,Elective,Oncology,0,2,8.0,0
44,Elective,Oncology,1,0,5.0,0
55,Emergency,Neurology,0,0,6.0,0
77,Emergency,Orthopedics,0,3,9.0,1
24,Elective,Orthopedics,1,2,4.0,0
22,Elective,Oncology,3,1,7.0,0
62,Urgent,Oncology,2,2,11.0,1
75,Elective,Cardiology,0,0,9.0,1
48,Urgent,Cardiology,2,0,6.0,0
40,Elective,Oncology,1,1,5.0,0
59,Emergency,Cardiology,3,0,9.0,1
27,Emergency,Cardiology,2,3,9.0,1
49,Elective,Oncology,1,4,12.0,1
70,Elective,Oncology,0,1,11.0,1
47,Emergency,Orthopedics,3,0,8.0,0
56,Emergency,Oncology,3,1,9.0,1
48,Urgent,Oncology,2,3,12.0,1
19,Elective,Neurology,2,1,6.0,0
29,Emergency,Orthopedics,0,2,9.0,1
56,Emergency,Orthopedics,0,1,12.0,1
83,Emergency,Orthopedics,1,0,7.0,0
30,Emergency,Neurology,1,0,4.0,0
63,Emergency,Oncology,1,2,11.0,1
44,Emergency,Orthopedics,1,1,9.0,1
34,Elective,Orthopedics,2,1,6.0,0
77,Emergency,Cardiology,1,0,14.0,1
81,Urgent,Orthopedics,2,3,11.0,1
52,Urgent,Oncology,0,1,5.0,0
87,Emergency,Oncology,2,0,11.0,1
47,Elective,Cardiology,1,1,8.0,0
88,Emergency,Orthopedics,1,0,8.0,0
80,Urgent,Orthopedics,3,0,8.0,0
45,Emergency,Orthopedics,1,0,10.0,1
77,Elective,Neurology,2,2,12.0,1
54,Elective,Orthopedics,0,0,5.0,0
39,Emergency,Oncology,1,0,12.0,1
85,Emergency,Oncology,1,1,15.0,1
37,Elective,Neurology,1,1,3.0,0
85,Elective,Neurology,2,0,4.0,0
81,Emergency,Orthopedics,1,2,13.0,1
34,Elective,Cardiology,2,3,12.0,1
29,Emergency,Neurology,2,2,10.0,1
39,Elective,Neurology,2,1,6.0,0
34,Emergency,Orthopedics,1,0,5.0,0
27,Urgent,Orthopedics,1,0,2.0,0
82,Emergency,Neurology,0,0,11.0,1
39,Emergency,Cardiology,1,2,9.0,1
67,Emergency,Neurology,0,0,8.0,0
31,Emergency,Orthopedics,1,2,6.0,0
81,Elective,Orthopedics,2,3,13.0,1
64,Emergency,Neurology,1,2,12.0,1
46,Urgent,Cardiology,0,0,2.0,0
53,Emergency,Neurology,1,0,8.0,0
69,Emergency,Neurology,2,0,10.0,1
24,Emergency,Orthopedics,2,2,9.0,1
46,Emergency,Cardiology,0,0,1.0,0
28,Emergency,Oncology,2,3,10.0,1
50,Emergency,Cardiology,2,1,10.0,1
23,Emergency,Neurology,1,1,7.0,0
49,Emergency,Neurology,0,1,8.0,0
68,Elective,Neurology,1,1,10.0,1
75,Elective,Cardiology,2,1,8.0,0
43,Emergency,Orthopedics,2,1,5.0,0
63,Emergency,Neurology,3,0,10.0,1
46,Urgent,Neurology,2,0,6.0,0
21,Elective,Cardiology,1,2,5.0,0
30,Elective,Oncology,0,2,7.0,0
56,Emergency,Oncology,2,1,7.0,0
32,Elective,Orthopedics,0,2,6.0,0
46,Elective,Orthopedics,2,1,4.0,0
46,Elective,Neurology,4,0,7.0,0
49,Urgent,Cardiology,2,1,9.0,1
19,Emergency,Neurology,0,0,5.0,0
64,Emergency,Orthopedics,2,1,10.0,1
39,Elective,Cardiology,1,3,8.0,0
44,Urgent,Cardiology,1,0,5.0,0
84,Emergency,Orthopedics,2,1,13.0,1
73,Emergency,Oncology,3,1,13.0,1
38,Emergency,Oncology,0,0,9.0,1
64,Emergency,Cardiology,4,0,11.0,1
76,Elective,Neurology,1,1,4.0,0
23,Elective,Oncology,0,0,5.0,0
36,Emergency,Neurology,0,2,11.0,1
74,Emergency,Oncology,2,0,15.0,1
86,Emergency,Oncology,0,3,15.0,1
20,Emergency,Neurology,4,1,9.0,1
18,Elective,Orthopedics,1,0,4.0,0
75,Urgent,Oncology,0,3,9.0,1
55,Urgent,Oncology,3,0,6.0,0
32,Emergency,Neurology,1,3,10.0,1
51,Urgent,Orthopedics,1,0,8.0,0
78,Elective,Oncology,1,1,5.0,0
52,Elective,Oncology,1,3,7.0,0
81,Emergency,Orthopedics,2,1,14.0,1
42,Emergency,Oncology,0,1,11.0,1
41,Emergency,Orthopedics,2,1,8.0,0
29,Emergency,Orthopedics,4,1,14.0,1
35,Emergency,Neurology,0,0,8.0,0
32,Emergency,Cardiology,2,1,8.0,0
44,Emergency,Orthopedics,1,2,5.0,0
89,Elective,Neurology,2,1,6.0,0
77,Emergency,Cardiology,1,0,8.0,0
63,Emergency,Oncology,2,2,13.0,1
34,Urgent,Cardiology,2,1,8.0,0
70,Urgent,Orthopedics,0,1,6.0,0
25,Elective,Orthopedics,3,3,9.0,1
44,Urgent,Orthopedics,0,1,5.0,0
63,Elective,Orthopedics,3,1,8.0,0
67,Urgent,Orthopedics,2,1,8.0,0
88,Emergency,Neurology,1,1,11.0,1
20,Emergency,Orthopedics,5,1,7.0,0
81,Emergency,Neurology,0,2,11.0,1
61,Emergency,Oncology,1,1,10.0,1
70,Emergency,Orthopedics,1,1,12.0,1
41,Elective,Orthopedics,0,2,5.0,0
77,Elective,Cardiology,1,0,7.0,0
20,Elective,Oncology,1,0,5.0,0
37,Emergency,Orthopedics,1,1,8.0,0
63,Urgent,Orthopedics,2,1,4.0,0
32,Elective,Oncology,2,1,8.0,0
42,Emergency,Neurology,1,1,10.0,1
88,Elective,Orthopedics,1,3,11.0,1
34,Emergency,Cardiology,2,0,8.0,0
26,Emergency,Orthopedics,0,3,6.0,0
55,Urgent,Cardiology,0,1,7.0,0
65,Emergency,Cardiology,2,2,15.0,1
77,Emergency,Orthopedics,1,1,8.0,0
80,Urgent,Orthopedics,1,1,11.0,1
19,Elective,Cardiology,1,1,7.0,0
89,Emergency,Oncology,0,2,9.0,1
28,Emergency,Oncology,0,0,5.0,0
81,Emergency,Orthopedics,2,1,9.0,1
89,Elective,Neurology,0,1,8.0,0
38,Emergency,Oncology,0,1,8.0,0
35,Emergency,Orthopedics,1,0,4.0,0
81,Urgent,Oncology,3,0,9.0,1
55,Elective,Neurology,0,1,7.0,0
49,Emergency,Orthopedics,3,3,14.0,1
28,Elective,Neurology,3,0,7.0,0
62,Elective,Orthopedics,2,1,5.0,0
50,Emergency,Neurology,1,1,9.0,1
58,Emergency,Oncology,1,1,10.0,1
25,Urgent,Oncology,2,1,9.0,1
28,Emergency,Neurology,1,1,8.0,0
68,Elective,Neurology,3,2,11.0,1
58,Emergency,Neurology,1,2,9.0,1
34,Emergency,Orthopedics,1,1,6.0,0
63,Emergency,Oncology,1,1,7.0,0
49,Emergency,Orthopedics,3,2,11.0,1
71,Emergency,Oncology,2,1,15.0,1
37,Emergency,Cardiology,0,0,6.0,0
50,Urgent,Orthopedics,3,5,14.0,1
57,Urgent,Oncology,2,2,10.0,1
49,Elective,Oncology,2,2,6.0,0
19,Urgent,Orthopedics,3,2,7.0,0
50,Emergency,Orthopedics,2,2,12.0,1
47,Urgent,Oncology,1,3,10.0,1
50,Emergency,Orthopedics,3,1,7.0,0
43,Urgent,Neurology,3,2,10.0,1
39,Urgent,Orthopedics,1,0,4.0,0
83,Elective,Orthopedics,3,5,14.0,1
55,Urgent,Orthopedics,2,1,8.0,0
63,Elective,Oncology,2,2,12.0,1
32,Emergency,Neurology,2,1,8.0,0
61,Emergency,Cardiology,2,0,12.0,1
66,Elective,Cardiology,4,0,6.0,0
78,Emergency,Neurology,1,0,9.0,1
84,Elective,Neurology,1,0,6.0,0
23,Urgent,Neurology,1,1,6.0,0
26,Emergency,Oncology,2,0,7.0,0
23,Elective,Cardiology,0,2,3.0,0
49,Urgent,Neurology,1,2,6.0,0
58,Urgent,Oncology,0,0,2.0,0
25,Urgent,Cardiology,4,3,7.0,0
89,Elective,Orthopedics,2,1,10.0,1
67,Urgent,Oncology,4,0,8.0,0
79,Elective,Cardiology,2,1,9.0,1
79,Emergency,Oncology,1,1,14.0,1
24,Emergency,Cardiology,1,1,7.0,0
21,Elective,Cardiology,3,1,8.0,0
23,Emergency,Orthopedics,3,1,9.0,1
75,Elective,Oncology,1,0,12.0,1
39,Elective,Neurology,0,2,1.0,0
43,Emergency,Orthopedics,2,1,8.0,0
20,Elective,Orthopedics,3,1,8.0,0
58,Elective,Cardiology,2,1,6.0,0
77,Emergency,Neurology,0,3,13.0,1
31,Emergency,Oncology,0,1,7.0,0
29,Emergency,Neurology,2,3,13.0,1
29,Emergency,Neurology,0,4,8.0,0
30,Urgent,Neurology,1,0,5.0,0
42,Emergency,Neurology,1,1,10.0,1
